"name";"url";"prc";"num";"var";"cat"
"Вставка для беременных в зимнюю слингокуртку (ВБЗ-010.00) ТМ Katinka";"mashina-z-pidiomnim-kranom-na-radiokeruvanni";"90.00000";"700204";"Вставка для беременных в зимнюю слингокуртку (ВБЗ-010.00) ТМ Katinka";"Детские товары"
"Вставка для беременных в демисезонную слингокуртку (ВБДУ-010.00) ТМ Katinka";"kolesnyi-pogruzchik-na-radioupravlenii";"113.00000";"700200";"Вставка для беременных в демисезонную слингокуртку (ВБДУ-010.00) ТМ Katinka";"Детские товары"
"Демисезонная мужская слингокуртка для папы. Размеры 44, 46, 48, 50, 52, 54 (ДСП-010.00) ТМ Katinka";"gusenichnii-kran-na-radiokeruvanni";"650.00000";"700201";"Демисезонная мужская слингокуртка для папы. Размеры 44, 46, 48, 50, 52, 54 (ДСП-010.00) ТМ Katinka";"Детские товары"
"Легкая универсальная слингокуртка-ветровка 3 в 1 Белый-розовый, размеры S, M, L (ЛС-010.00) ТМ Katinka";"igrashka-poprigunchik-tiny-smarts-jumpy";"599.00000";"700300";"Легкая универсальная слингокуртка-ветровка 3 в 1 Белый-розовый, размеры S, M, L (ЛС-010.00) ТМ Katinka";"Детские товары"
"Зимняя универсальная слингокуртка 5 в 1 с возможностью ношения за спиной. (ЗС-020.00) ТМ Katinka";"karernii-samoskid-na-radiokeruvanni";"1200.00000";"700203";"Зимняя универсальная слингокуртка 5 в 1 с возможностью ношения за спиной. (ЗС-020.00) ТМ Katinka";"Детские товары"
"АКУСТИЧНА ГІТАРА СЕРІЇ STANDARD D350BG";"elektrogitara-seriyi-badwater-as1120br";"1842.00000";"70033";"АКУСТИЧНА ГІТАРА СЕРІЇ STANDARD D350BG";"Музыкальные инструменты"
"Електрогітара серії ""BADWATER"" AL820CKBW";"elektrogitara-seriyi-badwater-al820ckbw";"1862.00000";"70031";"Електрогітара серії ""BADWATER"" AL820CKBW";"Музыкальные инструменты"
"АКУСТИЧНА ГІТАРА СЕРІЇ STANDARD D350G";"elektrogitara-seriyi-badwater-as820ckbk";"1842.00000";"70036";"АКУСТИЧНА ГІТАРА СЕРІЇ STANDARD D350G";"Музыкальные инструменты"
"АКУСТИЧНА ГІТАРА СЕРІЇ СONCORDA CD550";"elektrogitara-seriyi-badwater-al790ms";"2076.00000";"70026";"АКУСТИЧНА ГІТАРА СЕРІЇ СONCORDA CD550";"Музыкальные инструменты"
"АКУСТИЧНА ГІТАРА СЕРІЇ STANDARD D350CEG";"elektrogitara-seriyi-badwater-as820br";"2426.00000";"70035";"АКУСТИЧНА ГІТАРА СЕРІЇ STANDARD D350CEG";"Музыкальные инструменты"
"АКУСТИЧНА ГІТАРА СЕРІЇ STANDARD D350CEBG";"elektrogitara-seriyi-badwater-as1120wo";"2426.00000";"70034";"АКУСТИЧНА ГІТАРА СЕРІЇ STANDARD D350CEBG";"Музыкальные инструменты"
"asdfasdfasdf";"asdfasdfasdf";"62.00000";"";"";"Телефония, МР3-плееры, GPS"
"фывафыва";"fyvafyva";"3515151.00000";"";"";"Телефония, МР3-плееры, GPS"
"asdfsadf";"asdfsadf";"351.00000";"";"";"Телефония, МР3-плееры, GPS"
"asdfasdf";"asdfasdf";"232.00000";"";"";"Телефония, МР3-плееры, GPS"
"ыфвафывафыва";"yfvafyvafyva";"354251.00000";"";"";"Телефония, МР3-плееры, GPS"
"asdfsdfgsdfg";"asdfsdfgsdfg";"54789.00000";"";"";"Телефония, МР3-плееры, GPS"
"фдщцйшугкщшйцуг";"fdshchtsishugkshchshitsug";"24.00000";"";"";"Телефония, МР3-плееры, GPS"
"asdf";"asdf";"654.00000";"";"";"Телефония, МР3-плееры, GPS"
"фывафывафы";"fyvafyvafy";"254.00000";"";"";"Телефония, МР3-плееры, GPS"
"іфваіфва";"ifvaifva";"351321.00000";"";"";"Телефония, МР3-плееры, GPS"
"asdfasdfasdfasdf";"asdfasdfasdfasdf";"3541351.00000";"";"";"Телефония, МР3-плееры, GPS"
"24251фывафыва";"24251fyvafyva";"31232.00000";"";"";"Телефония, МР3-плееры, GPS"
"sadfasdfsadfsadf";"sadfasdfsadfsadf";"351.00000";"";"";"Телефония, МР3-плееры, GPS"
"фіва";"fiva";"54.00000";"";"";"Телефония, МР3-плееры, GPS"
"3D LED-телевизор Samsung UE32F6400AKXUA";"samsung-domashni-kinoteatr-ht-e330k-ru";"22452.00000";"30006";"3D LED-телевизор Samsung UE32F6400AKXUA";"Домашнее видео"
"3D LED-телевизор Samsung UE32F6100AKXUA";"3d-ochkii-besprovodnoe-ustroistvo-samsungssg-4100gb-ru";"765.00000";"30004";"3D LED-телевизор Samsung UE32F6100AKXUA";"Домашнее видео"
"3D LED-телевизор Philips 47PFL7008S/12";"televizory-kakoi-vybrat";"1762.00000";"30003";"3D LED-телевизор Philips 47PFL7008S/12";"Домашнее видео"
"3D LED-телевизор Philips 46PFL8008S/60";"3d-led-televizor-samsung-ue50es6907-uxua";"20655.00000";"30002";"3D LED-телевизор Philips 46PFL8008S/60";"Домашнее видео"
"3D LED-телевизор Samsung UE32F6330AKXUA";"plazmennyi-televizor-samsung-ps-51e497";"6913.00000";"30005";"3D LED-телевизор Samsung UE32F6330AKXUA";"Домашнее видео"
"3D LED телевизор Samsung UE65ES8007UXUA";"3d-led-televizor-samsung-ue65es8007uxua";"32988.00000";"30 001";"";"Домашнее видео"
"ЖК-телевизор BBK LEM2249HD Black";"zhk-televizor-bbk-lem2249hd-black";"196.00000";"30319";"ЖК-телевизор BBK LEM2249HD Black";"Домашнее видео"
"sadfasdf";"sadfasdf";"3562.00000";"20011";"HTC One SV White";"Телефония, МР3-плееры, GPS/Телефоны"
"sadfasdf";"sadfasdf";"254.00000";"";"";"Телефония, МР3-плееры, GPS/Телефоны"
"sadfasdf";"sadfasdf";"254.00000";"";"HTC One SV White ";"Телефония, МР3-плееры, GPS/Телефоны"
"sadfasdf";"sadfasdf";"21.00000";"";"asdf";"Телефония, МР3-плееры, GPS/Телефоны"
"sadfasdf";"sadfasdf";"254.00000";"";"asdf";"Телефония, МР3-плееры, GPS/Телефоны"
"sadfasdf";"sadfasdf";"254.00000";"";"asdf";"Телефония, МР3-плееры, GPS/Телефоны"
"MP3 / MP4-плеер Sony Walkman NWZ-B172 2GB black";"mp3-mp4-pleer-sony-walkman-nwz-b172-2gb-black";"475.00000";"20012";"";"Телефония, МР3-плееры, GPS/MP3-MP4 плееры"
"MP3 / MP4-плеер TEXET T-979HD 4GB";"mp3-mp4-pleer-texet-t-979hd-4gb";"398.00000";"20010";"";"Телефония, МР3-плееры, GPS/MP3-MP4 плееры"
"MP3 / MP4-плеер Apple iPod touch 4 Gen 8 GB";"mp3-mp4-pleer-apple-ipod-touch-4-gen-8-gb";"1150.00000";"20009";"";"Телефония, МР3-плееры, GPS/MP3-MP4 плееры"
"Assistant АМ-09404 4GB";"assistant-am-09404-4gb";"22825.00000";"20013";"";"Телефония, МР3-плееры, GPS/MP3-MP4 плееры"
"Мобильный телефон Fly B300 Duos Grey";"mobilnyi-telefon-fly-b300-duos-grey";"100.00000";"200216";"Мобильный телефон Fly B300 Duos Grey";"Телефония, МР3-плееры, GPS/Телефоны/Мобильные телефоны"
"Мобильный телефон Fly E210 Сhrome";"mobilnyi-telefon-fly-e210-shrome";"100.00000";"200245";"Мобильный телефон Fly E210 Сhrome";"Телефония, МР3-плееры, GPS/Телефоны/Мобильные телефоны"
"Мобильный телефон Fly E154 Dual Sim Black";"mobilnyi-telefon-fly-e154-dual-sim-black";"100.00000";"200240";"Мобильный телефон Fly E154 Dual Sim Black";"Телефония, МР3-плееры, GPS/Телефоны/Мобильные телефоны"
"Мобильный телефон Fly E141 TV Dual SIM Black";"mobilnyi-telefon-fly-e141-tv-dual-sim-black";"55.00000";"200236";"Мобильный телефон Fly E141 TV Dual SIM Black";"Телефония, МР3-плееры, GPS/Телефоны/Мобильные телефоны"
"Мобильный телефон Fly DS103 Duos Grey";"mobilnyi-telefon-fly-ds103-duos-grey";"100.00000";"200217";"Мобильный телефон Fly DS103 Duos Grey";"Телефония, МР3-плееры, GPS/Телефоны/Мобильные телефоны"
"Мобильный телефон Fly E200 Duos Metalic";"mobilnyi-telefon-fly-e200-duos-metalic";"100.00000";"200244";"Мобильный телефон Fly E200 Duos Metalic";"Телефония, МР3-плееры, GPS/Телефоны/Мобильные телефоны"
"Мобильный телефон Fly E145 TV Dual Sim White";"mobilnyi-telefon-fly-e145-tv-dual-sim-white";"100.00000";"200239";"Мобильный телефон Fly E145 TV Dual Sim White";"Телефония, МР3-плееры, GPS/Телефоны/Мобильные телефоны"
"Мобильный телефон Fly E133 Duos White";"mobilnyi-telefon-fly-e133-duos-white";"100.00000";"200235";"Мобильный телефон Fly E133 Duos White";"Телефония, МР3-плееры, GPS/Телефоны/Мобильные телефоны"
"Мобильный телефон Fly E185 Black Bronze";"mobilnyi-telefon-fly-e185-black-bronze";"100.00000";"200218";"Мобильный телефон Fly E185 Black Bronze";"Телефония, МР3-плееры, GPS/Телефоны/Мобильные телефоны"
"Мобильный телефон Fly E190 Duos Wi-Fi Black";"mobilnyi-telefon-fly-e190-duos-wi-fi-black";"100.00000";"200243";"Мобильный телефон Fly E190 Duos Wi-Fi Black";"Телефония, МР3-плееры, GPS/Телефоны/Мобильные телефоны"
"Мобильный телефон Fly Ezzy Flip Dual Sim Black";"mobilnyi-telefon-fly-ezzy-flip-dual-sim-black";"100.00000";"200247";"Мобильный телефон Fly Ezzy Flip Dual Sim Black";"Телефония, МР3-плееры, GPS/Телефоны/Мобильные телефоны"
"Nokia Asha 302 White";"nokia-asha-302-white";"1010.00000";"20014";"";"Телефония, МР3-плееры, GPS/Телефоны/Мобильные телефоны"
"Мобильный телефон Alcatel DS 10.60 Dual SIM";"mobilnyi-telefon-alcatel-ds-1060-dual-sim";"100.00000";"200206";"Мобильный телефон Alcatel DS 10.60 Dual SIM";"Телефония, МР3-плееры, GPS/Телефоны/Мобильные телефоны"
"Мобильный телефон Fly E176 Duos Silver";"mobilnyi-telefon-fly-e176-duos-silver";"100.00000";"200219";"Мобильный телефон Fly E176 Duos Silver";"Телефония, МР3-плееры, GPS/Телефоны/Мобильные телефоны"
"Мобильный телефон Fly E171 Duos High Glossy Black";"mobilnyi-telefon-fly-e171-duos-high-glossy-black";"100.00000";"200242";"Мобильный телефон Fly E171 Duos High Glossy Black";"Телефония, МР3-плееры, GPS/Телефоны/Мобильные телефоны"
"Мобильный телефон Fly EZZY Black";"mobilnyi-telefon-fly-ezzy-black";"100.00000";"200246";"Мобильный телефон Fly EZZY Black";"Телефония, МР3-плееры, GPS/Телефоны/Мобильные телефоны"
"Мобильный телефон Fly DS103D Duos Black";"mobilnyi-telefon-fly-ds103d-duos-black";"100.00000";"200211";"Мобильный телефон Fly DS103D Duos Black";"Телефония, МР3-плееры, GPS/Телефоны/Мобильные телефоны"
"Мобильный телефон Fly E145 TV Dual Sim Black";"mobilnyi-telefon-fly-e145-tv-dual-sim-black";"100.00000";"200238";"Мобильный телефон Fly E145 TV Dual Sim Black";"Телефония, МР3-плееры, GPS/Телефоны/Мобильные телефоны"
"Мобильный телефон Fly E154 Dual Sim Silver";"mobilnyi-telefon-fly-e154-dual-sim-silver";"100.00000";"200241";"Мобильный телефон Fly E154 Dual Sim Silver";"Телефония, МР3-плееры, GPS/Телефоны/Мобильные телефоны"
"Мобильный телефон Fly E141 TV Dual SIM White";"mobilnyi-telefon-fly-e141-tv-dual-sim-white";"55.00000";"200237";"Мобильный телефон Fly E141 TV Dual SIM White";"Телефония, МР3-плееры, GPS/Телефоны/Мобильные телефоны"
"Nokia Lumia 920 White";"nokia-lumia-920-white";"5445.00000";"20023";"";"Телефония, МР3-плееры, GPS/Телефоны/Смартфоны"
"Мобильный телефон Samsung Galaxy Grand Duos I9082 elegant white";"mobilnyi-telefon-samsung-galaxy-grand-duos-i9082-elegant-white";"3629.00000";"20018";"";"Телефония, МР3-плееры, GPS/Телефоны/Смартфоны"
"Смартфон Samsung GT-S7562 Galaxy S Duos ZKA Black";"smartfon-samsung-gt-s7562-galaxy-s-duos-zka-black";"285.00000";"20205";"Смартфон Samsung GT-S7562 Galaxy S Duos ZKA Black";"Телефония, МР3-плееры, GPS/Телефоны/Смартфоны"
"Смартфон Samsung GT-S6810 Galaxy Fame Metallic Blue";"smartfon-samsung-gt-s6810-galaxy-fame-metallic-blue";"215.00000";"20199";"Смартфон Samsung GT-S6810 Galaxy Fame Metallic Blue";"Телефония, МР3-плееры, GPS/Телефоны/Смартфоны"
"Смартфон Samsung GT-S6802 CWA Galaxy Ace Duos Сhic White";"smartfon-samsung-gt-s6802-cwa-galaxy-ace-duos-shic-white";"100.00000";"20193";"Смартфон Samsung GT-S6802 CWA Galaxy Ace Duos Сhic White";"Телефония, МР3-плееры, GPS/Телефоны/Смартфоны"
"Смартфон Samsung GT-S7530 Omnia M EAA Deep Grey";"smartfon-samsung-gt-s7530-omnia-m-eaa-deep-grey";"100.00000";"20203";"Смартфон Samsung GT-S7530 Omnia M EAA Deep Grey";"Телефония, МР3-плееры, GPS/Телефоны/Смартфоны"
"Смартфон Samsung GT-S6802 ZYA Galaxy Ace Duos Yellow";"smartfon-samsung-gt-s6802-zya-galaxy-ace-duos-yellow";"210.00000";"20198";"Смартфон Samsung GT-S6802 ZYA Galaxy Ace Duos Yellow";"Телефония, МР3-плееры, GPS/Телефоны/Смартфоны"
"Смартфон Samsung GT-S6802 AKA Galaxy Ace Duos Metallic Black";"smartfon-samsung-gt-s6802-aka-galaxy-ace-duos-metallic-black";"100.00000";"20192";"Смартфон Samsung GT-S6802 AKA Galaxy Ace Duos Metallic Black";"Телефония, МР3-плееры, GPS/Телефоны/Смартфоны"
"Мобильный телефон LG Nexus 4 E960 black";"mobilnyi-telefon-lg-nexus-4-e960-black";"5295.00000";"20021";"";"Телефония, МР3-плееры, GPS/Телефоны/Смартфоны"
"Смартфон Samsung GT-S7500 CWA Galaxy Ace Plus Chic White";"smartfon-samsung-gt-s7500-cwa-galaxy-ace-plus-chic-white";"285.00000";"20202";"Смартфон Samsung GT-S7500 CWA Galaxy Ace Plus Chic White";"Телефония, МР3-плееры, GPS/Телефоны/Смартфоны"
"Смартфон Samsung GT-S6802 ZIA Galaxy Ace Duos Pink";"smartfon-samsung-gt-s6802-zia-galaxy-ace-duos-pink";"210.00000";"20196";"Смартфон Samsung GT-S6802 ZIA Galaxy Ace Duos Pink";"Телефония, МР3-плееры, GPS/Телефоны/Смартфоны"
"Смартфон Samsung GT-S6500 Galaxy Mini 2 ZYD Yellow";"smartfon-samsung-gt-s6500-galaxy-mini-2-zyd-yellow";"156.00000";"20191";"Смартфон Samsung GT-S6500 Galaxy Mini 2 ZYD Yellow";"Телефония, МР3-плееры, GPS/Телефоны/Смартфоны"
"Мобильный телефон Sony Xperia V LT25i Black";"mobilnyi-telefon-sony-xperia-v-lt25i-black";"4999.00000";"20020";"";"Телефония, МР3-плееры, GPS/Телефоны/Смартфоны"
"Смартфон Samsung GT-S7500 ABA Galaxy Ace Plus Dark Blue";"smartfon-samsung-gt-s7500-aba-galaxy-ace-plus-dark-blue";"212.00000";"20201";"Смартфон Samsung GT-S7500 ABA Galaxy Ace Plus Dark Blue";"Телефония, МР3-плееры, GPS/Телефоны/Смартфоны"
"Смартфон Samsung GT-S6802 TIZ Galaxy Ace Duos Romantic Pink La Fleur";"smartfon-samsung-gt-s6802-tiz-galaxy-ace-duos-romantic-pink-la-fleur";"210.00000";"20195";"Смартфон Samsung GT-S6802 TIZ Galaxy Ace Duos Romantic Pink La Fleur";"Телефония, МР3-плееры, GPS/Телефоны/Смартфоны"
"Смартфон Samsung GT-S6500 Galaxy Mini 2 RWD Ceramic White";"smartfon-samsung-gt-s6500-galaxy-mini-2-rwd-ceramic-white";"156.00000";"20190";"Смартфон Samsung GT-S6500 Galaxy Mini 2 RWD Ceramic White";"Телефония, МР3-плееры, GPS/Телефоны/Смартфоны"
"Мобильный телефон Sony Xperia Z C6603 Black";"mobilnyi-telefon-sony-xperia-z-c6603-black";"7595.00000";"20019";"";"Телефония, МР3-плееры, GPS/Телефоны/Смартфоны"
"Смартфон Samsung GT-S6810 Galaxy Fame Pure White";"smartfon-samsung-gt-s6810-galaxy-fame-pure-white";"215.00000";"20200";"Смартфон Samsung GT-S6810 Galaxy Fame Pure White";"Телефония, МР3-плееры, GPS/Телефоны/Смартфоны"
"Смартфон Samsung GT-S6802 Galaxy Ace Duos ZKA Black";"smartfon-samsung-gt-s6802-galaxy-ace-duos-zka-black";"210.00000";"20194";"Смартфон Samsung GT-S6802 Galaxy Ace Duos ZKA Black";"Телефония, МР3-плееры, GPS/Телефоны/Смартфоны"
"Гарнитура  Jabra EASYGO";"garnitura-jabra-easygo";"302.00000";"200937";"";"Телефония, МР3-плееры, GPS/Телефоны/Bluetooth гарнитуры"
"Гарнитура  Nokia Headset Bluetooth BH-110 Black";"komplekt-svobodnye-ruki-nokia-headset-bluetooth-bh-110-black";"199.00000";"200424";"Комплект свободные руки Nokia Headset Bluetooth BH-110 Black";"Телефония, МР3-плееры, GPS/Телефоны/Bluetooth гарнитуры"
"Гарнитура  Nokia BH-806";"bluetooth-garnitura-nokia-bh-806";"95.00000";"200932";"";"Телефония, МР3-плееры, GPS/Телефоны/Bluetooth гарнитуры"
"Гарнитура Bluetooth Nokia BH-111 black";"garnitura-bluetooth-nokia-bh-111-black";"299.00000";"200936";"";"Телефония, МР3-плееры, GPS/Телефоны/Bluetooth гарнитуры"
"Гарнитура Samsung BHM 1200 black";"garnitura-samsung-bhm-1200-black";"21.60000";"200931";"";"Телефония, МР3-плееры, GPS/Телефоны/Bluetooth гарнитуры"
"Гарнитура Nokia Bluetooth Headset BH-104 Black";"komplekt-svobodnye-ruki-nokia-bluetooth-headset-bh-104-black";"100.00000";"200423";"Комплект свободные руки Nokia Bluetooth Headset BH-104 Black";"Телефония, МР3-плееры, GPS/Телефоны/Bluetooth гарнитуры"
"Гарнитура Nokia BH-505";"garnitura-nokia-bh-505";"487.00000";"2008";"";"Телефония, МР3-плееры, GPS/Телефоны/Bluetooth гарнитуры"
"Гарнитура  Samsung BHM1200EBEGSEK Black";"komplekt-svobodnye-ruki-samsung-bhm1200ebegsek-black";"100.00000";"200427";"Комплект свободные руки Samsung BHM1200EBEGSEK Black";"Телефония, МР3-плееры, GPS/Телефоны/Bluetooth гарнитуры"
"Гарнитура Jabra BT2045";"garnitura-jabra-bt2045";"195.00000";"200935";"";"Телефония, МР3-плееры, GPS/Телефоны/Bluetooth гарнитуры"
"Гарнитура Jabra Bluetooth Headset  BT 2070";"komplekt-svobodnye-ruki-jabra-bluetooth-headset-bt-2070";"100.00000";"200422";"Комплект свободные руки Jabra Bluetooth Headset  BT 2070";"Телефония, МР3-плееры, GPS/Телефоны/Bluetooth гарнитуры"
"Гарнитура Nokia BH-108";"garnitura-nokia-bh-108";"155.00000";"20015";"";"Телефония, МР3-плееры, GPS/Телефоны/Bluetooth гарнитуры"
"Гарнитура Nokia BH-112 Black";"garnitura-nokia-bh-112-black";"209.00000";"200939";"";"Телефония, МР3-плееры, GPS/Телефоны/Bluetooth гарнитуры"
"Гарнитура Samsung AWEP460EBEGSEK Black Bluetooth Headset";"komplekt-svobodnye-ruki-samsung-awep460ebegsek-black-bluetooth-headset";"100.00000";"200426";"Комплект свободные руки Samsung AWEP460EBEGSEK Black Bluetooth Headset";"Телефония, МР3-плееры, GPS/Телефоны/Bluetooth гарнитуры"
"Гарнитура Jabra EASY CALL";"garnitura-jabra-easy-call";"36.90000";"200934";"";"Телефония, МР3-плееры, GPS/Телефоны/Bluetooth гарнитуры"
"Гарнитура Samsung BHM1100 black";"garnitura-samsung-bhm1100-black";"188.00000";"20030";"";"Телефония, МР3-плееры, GPS/Телефоны/Bluetooth гарнитуры"
"Гарнитура Jabra Bluetooth Headset  BT 2015";"komplekt-svobodnye-ruki-jabra-bluetooth-headset-bt-2015";"100.00000";"200421";"Комплект свободные руки Jabra Bluetooth Headset  BT 2015";"Телефония, МР3-плееры, GPS/Телефоны/Bluetooth гарнитуры"
"Гарнитура Nokia BH-220 black";"garnitura-nokia-bh-220-black";"595.00000";"200938";"";"Телефония, МР3-плееры, GPS/Телефоны/Bluetooth гарнитуры"
"Гарнитура Nokia Headset Bluetooth BH-110 White";"komplekt-svobodnye-ruki-nokia-headset-bluetooth-bh-110-white";"100.00000";"200425";"Комплект свободные руки Nokia Headset Bluetooth BH-110 White";"Телефония, МР3-плееры, GPS/Телефоны/Bluetooth гарнитуры"
"Гарнитура  Nokia BH-108 ice";"garnitura-nokia-bh-108-ice";"23.00000";"200933";"";"Телефония, МР3-плееры, GPS/Телефоны/Bluetooth гарнитуры"
"Гарнитура Samsung EHS63ASNBECSTD Black";"garnitura-samsung-ehs63asnbecstd-black";"100.00000";"200419";"Гарнитура Samsung EHS63ASNBECSTD Black";"Телефония, МР3-плееры, GPS/Телефоны/Проводные гарнитуры"
"Гарнитура Samsung EHS60ENNBECSTD Black";"garnitura-samsung-ehs60ennbecstd-black";"100.00000";"200414";"Гарнитура Samsung EHS60ENNBECSTD Black";"Телефония, МР3-плееры, GPS/Телефоны/Проводные гарнитуры"
"Гарнитура Nokia WH-701";"garnitura-nokia-wh-701";"60.00000";"200941";"";"Телефония, МР3-плееры, GPS/Телефоны/Проводные гарнитуры"
"Гарнитура Samsung EHS62ASNWECSTD White";"garnitura-samsung-ehs62asnwecstd-white";"100.00000";"200418";"Гарнитура Samsung EHS62ASNWECSTD White";"Телефония, МР3-плееры, GPS/Телефоны/Проводные гарнитуры"
"Гарнитура Samsung EHS60ANNWECSTD White";"garnitura-samsung-ehs60annwecstd-white";"100.00000";"200413";"Гарнитура Samsung EHS60ANNWECSTD White";"Телефония, МР3-плееры, GPS/Телефоны/Проводные гарнитуры"
"Гарнитура Samsung EHS62ASN White";"garnitura-samsung-ehs62asn-white";"99.00000";"20016";"";"Телефония, МР3-плееры, GPS/Телефоны/Проводные гарнитуры"
"Гарнитура  Nokia HS-47 вакуумная";"garnitura-nokia-hs-47-vakuumnaia";"45.00000";"200940";"";"Телефония, МР3-плееры, GPS/Телефоны/Проводные гарнитуры"
"Гарнитура Samsung BHS6000 EBECSEK";"garnitura-samsung-bhs6000-ebecsek";"899.00000";"20032";"";"Телефония, МР3-плееры, GPS/Телефоны/Проводные гарнитуры"
"Гарнитура Samsung EHS62ASNPECSTD Pink";"garnitura-samsung-ehs62asnpecstd-pink";"100.00000";"200417";"Гарнитура Samsung EHS62ASNPECSTD Pink";"Телефония, МР3-плееры, GPS/Телефоны/Проводные гарнитуры"
"Гарнитура Samsung EHS60ANNBECSTD Black";"garnitura-samsung-ehs60annbecstd-black";"100.00000";"200412";"Гарнитура Samsung EHS60ANNBECSTD Black";"Телефония, МР3-плееры, GPS/Телефоны/Проводные гарнитуры"
"Гарнитура Samsung EHS62ASNKECSTD Blue";"garnitura-samsung-ehs62asnkecstd-blue";"102.00000";"200416";"Гарнитура Samsung EHS62ASNKECSTD Blue";"Телефония, МР3-плееры, GPS/Телефоны/Проводные гарнитуры"
"Гарнитура HTC RC E240 White";"garnitura-htc-rc-e240-white";"100.00000";"200409";"Гарнитура HTC RC E240 White";"Телефония, МР3-плееры, GPS/Телефоны/Проводные гарнитуры"
"Гарнитура HTC RC E190 black";"garnitura-htc-rc-e190-black";"159.00000";"200943";"";"Телефония, МР3-плееры, GPS/Телефоны/Проводные гарнитуры"
"Гарнитура Samsung P1000 EHS-60 black";"garnitura-samsung-p1000-ehs-60-black";"45.00000";"20029";"";"Телефония, МР3-плееры, GPS/Телефоны/Проводные гарнитуры"
"Гарнитура Samsung EHS64ASFWECSTD White";"garnitura-samsung-ehs64asfwecstd-white";"180.00000";"200420";"Гарнитура Samsung EHS64ASFWECSTD White";"Телефония, МР3-плееры, GPS/Телефоны/Проводные гарнитуры"
"Гарнитура Samsung EHS60ENNWECSTD White";"garnitura-samsung-ehs60ennwecstd-white";"100.00000";"200415";"Гарнитура Samsung EHS60ENNWECSTD White";"Телефония, МР3-плееры, GPS/Телефоны/Проводные гарнитуры"
"Гарнитура HTC RC E240 Black";"garnitura-htc-rc-e240-black";"100.00000";"200408";"Гарнитура HTC RC E240 Black";"Телефония, МР3-плееры, GPS/Телефоны/Проводные гарнитуры"
"Гарнитура Nokia WH-205 stereo";"garnitura-nokia-wh-205-stereo";"45.00000";"200942";"";"Телефония, МР3-плееры, GPS/Телефоны/Проводные гарнитуры"
"Аккумулятор Samsung EB-K1A2EWEGSTD White";"akkumuliator-samsung-eb-k1a2ewegstd-white";"100.00000";"200390";"Аккумулятор Samsung EB-K1A2EWEGSTD White";"Телефония, МР3-плееры, GPS/Аксессуары/Аккумуляторы"
"Аккумулятор к телефону Nokia BL-4C";"akkumuliator-k-telefonu-nokia-bl-4c";"49.00000";"200332";"";"Телефония, МР3-плееры, GPS/Аксессуары/Аккумуляторы"
"Аккумулятор Samsung EB615268VUCSTD Black N7000";"akkumuliator-samsung-eb615268vucstd-black-n7000";"100.00000";"200394";"Аккумулятор Samsung EB615268VUCSTD Black N7000";"Телефония, МР3-плееры, GPS/Аксессуары/Аккумуляторы"
"Аккумулятор Samsung EB-K1A2EBEGSTD Black";"akkumuliator-samsung-eb-k1a2ebegstd-black";"100.00000";"200389";"Аккумулятор Samsung EB-K1A2EBEGSTD Black";"Телефония, МР3-плееры, GPS/Аксессуары/Аккумуляторы"
"Аккумулятор Samsung EB595675LUCSTD N7100 Black";"akkumuliator-samsung-eb595675lucstd-n7100-black";"100.00000";"200393";"Аккумулятор Samsung EB595675LUCSTD N7100 Black";"Телефония, МР3-плееры, GPS/Аксессуары/Аккумуляторы"
"Аккумулятор Samsung EB-F1A2GBUCSTD I9100 Black";"mobilnyi-telefon-samsung-gt-s5610-msa-metallic-silver";"100.00000";"200388";"Аккумулятор Samsung EB-F1A2GBUCSTD I9100 Black";"Телефония, МР3-плееры, GPS/Аксессуары/Аккумуляторы"
"Аккумулятор Samsung EB-L1G6LLUCSTD I9300 Black";"akkumuliator-samsung-eb-l1g6llucstd-i9300-black";"19.00000";"200392";"Аккумулятор Samsung EB-L1G6LLUCSTD I9300 Black";"Телефония, МР3-плееры, GPS/Аксессуары/Аккумуляторы"
"Аккумулятор Samsung EB-L1F2HVUCSTD Black I9250";"akkumuliator-samsung-eb-l1f2hvucstd-black-i9250";"100.00000";"200391";"Аккумулятор Samsung EB-L1F2HVUCSTD Black I9250";"Телефония, МР3-плееры, GPS/Аксессуары/Аккумуляторы"
"Подставка-держатель Samsung EB-H1J9VNEGSTD N7100 White (+ аккумулятор)";"podstavka-derzhatel-samsung-eb-h1j9vnegstd-n7100-white-akkumuliator";"12.00000";"200405";"Подставка-держатель Samsung EB-H1J9VNEGSTD N7100 White (+ аккумулятор)";"Телефония, МР3-плееры, GPS/Аксессуары/Зарядные устройства"
"Зарядное устройство Samsung ETA0U10EBECSTD Black";"zariadnoe-ustroistvo-samsung-eta0u10ebecstd-black";"100.00000";"200400";"Зарядное устройство Samsung ETA0U10EBECSTD Black";"Телефония, МР3-плееры, GPS/Аксессуары/Зарядные устройства"
"Автомобильное зарядное устройство Samsung ECA-P10CBECSTD Black";"vneshnii-akkumuliator-samsung-eeb-ei1cwegstd-white";"100.00000";"200395";"Автомобильное зарядное устройство Samsung ECA-P10CBECSTD Black";"Телефония, МР3-плееры, GPS/Аксессуары/Зарядные устройства"
"Подставка с зарядным устройством Samsung EBH1A2USBECSTD Black";"podstavka-s-zariadnym-ustroistvom-samsung-ebh1a2usbecstd-black";"100.00000";"200404";"Подставка с зарядным устройством Samsung EBH1A2USBECSTD Black";"Телефония, МР3-плееры, GPS/Аксессуары/Зарядные устройства"
"Зарядное устройство Samsung ETA-U90EWEGSTD N7100 White";"zariadnoe-ustroistvo-samsung-eta-u90ewegstd-n7100-white";"17.00000";"200399";"Зарядное устройство Samsung ETA-U90EWEGSTD N7100 White";"Телефония, МР3-плееры, GPS/Аксессуары/Зарядные устройства"
"Зарядное устройство Nokia AC-4E";"zariadnoe-ustroistvo-nokia-ac-4e";"39.00000";"20026";"";"Телефония, МР3-плееры, GPS/Аксессуары/Зарядные устройства"
"Зарядное устройство-подставка Samsung EDD-D100WEGSTD TAB/TAB2 desktop dock White";"zariadnoe-ustroistvo-podstavka-samsung-edd-d100wegstd-tab-tab2-desktop-dock-white";"100.00000";"200403";"Зарядное устройство-подставка Samsung EDD-D100WEGSTD TAB/TAB2 desktop dock White";"Телефония, МР3-плееры, GPS/Аксессуары/Зарядные устройства"
"Зарядное устройство Samsung ETA-U90EBEGSTD N7100 Black";"zariadnoe-ustroistvo-samsung-eta-u90ebegstd-n7100-black";"100.00000";"200398";"Зарядное устройство Samsung ETA-U90EBEGSTD N7100 Black";"Телефония, МР3-плееры, GPS/Аксессуары/Зарядные устройства"
"Зарядное устройство UFO EC-004 5V (+ 2 адаптора Nokia Kit)";"zariadnoe-ustroistvo-ufo-ec-004-5v-2-adaptora-nokia-kit";"100.00000";"200402";"Зарядное устройство UFO EC-004 5V (+ 2 адаптора Nokia Kit)";"Телефония, МР3-плееры, GPS/Аксессуары/Зарядные устройства"
"Зарядное устройство Samsung ETA-P11EBEGSTD Galaxy P3100/P5100/N8000 Black";"zariadnoe-ustroistvo-samsung-eta-p11ebegstd-galaxy-p3100-p5100-n8000-black";"100.00000";"200397";"Зарядное устройство Samsung ETA-P11EBEGSTD Galaxy P3100/P5100/N8000 Black";"Телефония, МР3-плееры, GPS/Аксессуары/Зарядные устройства"
"Зарядное устройство Samsung ETA0U80EBEGSTD Black N7000";"zariadnoe-ustroistvo-samsung-eta0u80ebegstd-black-n7000";"100.00000";"200401";"Зарядное устройство Samsung ETA0U80EBEGSTD Black N7000";"Телефония, МР3-плееры, GPS/Аксессуары/Зарядные устройства"
"Зарядное устройство Samsung ECA-U16CBEGSTD N7000 Black";"zariadnoe-ustroistvo-samsung-eca-u16cbegstd-n7000-black";"100.00000";"200396";"Зарядное устройство Samsung ECA-U16CBEGSTD N7000 Black";"Телефония, МР3-плееры, GPS/Аксессуары/Зарядные устройства"
"Карта памяти GOODRAM microSDHC 4 GB Class 4 Retail 9 (+ адаптер)";"karta-pamiati-goodram-microsdhc-4-gb-class-4-retail-9-adapter";"100.00000";"200662";"Карта памяти GOODRAM microSDHC 4 GB Class 4 Retail 9 (+ адаптер)";"Телефония, МР3-плееры, GPS/Аксессуары/Карты памяти"
"Карта памяти GOODRAM microSDHC 32 GB Class 10 (+ адаптер Retail 10)";"karta-pamiati-goodram-microsdhc-32-gb-class-10-adapter-retail-10";"29.00000";"200657";"Карта памяти GOODRAM microSDHC 32 GB Class 10 (+ адаптер Retail 10)";"Телефония, МР3-плееры, GPS/Аксессуары/Карты памяти"
"Карта памяти GOODRAM microSD 8 GB (+ адаптер и USB-кадтридер)";"karta-pamiati-goodram-microsd-8-gb-adapter-i-usb-kadtrider";"100.00000";"200652";"Карта памяти GOODRAM microSD 8 GB (+ адаптер и USB-кадтридер)";"Телефония, МР3-плееры, GPS/Аксессуары/Карты памяти"
"Карта памяти GOODRAM microSDHC 4 GB Class 4 (+ адаптер Retail 10)";"karta-pamiati-goodram-microsdhc-4-gb-class-4-adapter-retail-10";"5.00000";"200661";"Карта памяти GOODRAM microSDHC 4 GB Class 4 (+ адаптер Retail 10)";"Телефония, МР3-плееры, GPS/Аксессуары/Карты памяти"
"Карта памяти GOODRAM microSDHC 16 GB Class 4 (+ адаптер)";"karta-pamiati-goodram-microsdhc-16-gb-class-4-adapter";"12.00000";"200656";"Карта памяти GOODRAM microSDHC 16 GB Class 4 (+ адаптер)";"Телефония, МР3-плееры, GPS/Аксессуары/Карты памяти"
"Карта памяти GOODRAM microSD 4 GB (+ адаптер и USB-кадтридер)";"karta-pamiati-goodram-microsd-4-gb-adapter-i-usb-kadtrider";"100.00000";"200651";"Карта памяти GOODRAM microSD 4 GB (+ адаптер и USB-кадтридер)";"Телефония, МР3-плееры, GPS/Аксессуары/Карты памяти"
"Карта памяти GOODRAM microSDHC 8 GB Class 4 (+ адаптер Retail 10)";"karta-pamiati-goodram-microsdhc-8-gb-class-4-adapter-retail-10";"6.00000";"200665";"Карта памяти GOODRAM microSDHC 8 GB Class 4 (+ адаптер Retail 10)";"Телефония, МР3-плееры, GPS/Аксессуары/Карты памяти"
"Карта памяти GOODRAM microSDHC 32 GB Class 4 (+ адаптер)";"karta-pamiati-goodram-microsdhc-32-gb-class-4-adapter";"25.00000";"200660";"Карта памяти GOODRAM microSDHC 32 GB Class 4 (+ адаптер)";"Телефония, МР3-плееры, GPS/Аксессуары/Карты памяти"
"Карта памяти GOODRAM microSDHC 16 GB Class 10 UHS I (+ адаптер Retail 10)";"karta-pamiati-goodram-microsdhc-16-gb-class-10-uhs-i-adapter-retail-10";"15.00000";"200655";"Карта памяти GOODRAM microSDHC 16 GB Class 10 UHS I (+ адаптер Retail 10)";"Телефония, МР3-плееры, GPS/Аксессуары/Карты памяти"
"Карта памяти GOODRAM microSD 2 GB Retail 9 (+ адаптер)";"karta-pamiati-goodram-microsd-2-gb-retail-9-adapter";"100.00000";"200650";"Карта памяти GOODRAM microSD 2 GB Retail 9 (+ адаптер)";"Телефония, МР3-плееры, GPS/Аксессуары/Карты памяти"
"Карта памяти Transcend microSDHC 16 GB Class 10 UHS-I Ultimate (X600) (+ адаптер)";"karta-pamiati-transcend-microsdhc-16-gb-class-10-uhs-i-ultimate-x600-adapter";"100.00000";"200647";"Карта памяти Transcend microSDHC 16 GB Class 10 UHS-I Ultimate (X600) (+ адаптер)";"Телефония, МР3-плееры, GPS/Аксессуары/Карты памяти"
"Карта памяти GOODRAM microSDHC 8 GB Class 10 (+ адаптер)";"karta-pamiati-goodram-microsdhc-8-gb-class-10-adapter";"100.00000";"200664";"Карта памяти GOODRAM microSDHC 8 GB Class 10 (+ адаптер)";"Телефония, МР3-плееры, GPS/Аксессуары/Карты памяти"
"Карта памяти GOODRAM microSDHC 32 GB Class 10 UHS I (+ адаптер Retail 10)";"karta-pamiati-goodram-microsdhc-32-gb-class-10-uhs-i-adapter-retail-10";"31.00000";"200659";"Карта памяти GOODRAM microSDHC 32 GB Class 10 UHS I (+ адаптер Retail 10)";"Телефония, МР3-плееры, GPS/Аксессуары/Карты памяти"
"Карта памяти GOODRAM microSDHC 16 GB Class 10 (+ адаптер)";"karta-pamiati-goodram-microsdhc-16-gb-class-10-adapter";"100.00000";"200654";"Карта памяти GOODRAM microSDHC 16 GB Class 10 (+ адаптер)";"Телефония, МР3-плееры, GPS/Аксессуары/Карты памяти"
"Карта памяти GOODRAM microSD 2 GB (+ адаптер Retail 10)";"karta-pamiati-goodram-microsd-2-gb-adapter-retail-10";"4.00000";"200649";"Карта памяти GOODRAM microSD 2 GB (+ адаптер Retail 10)";"Телефония, МР3-плееры, GPS/Аксессуары/Карты памяти"
"Карта памяти GOODRAM microSDHC 8 GB Class 10 (+ адаптер Retail 10)";"karta-pamiati-goodram-microsdhc-8-gb-class-10-adapter-retail-10";"9.00000";"200663";"Карта памяти GOODRAM microSDHC 8 GB Class 10 (+ адаптер Retail 10)";"Телефония, МР3-плееры, GPS/Аксессуары/Карты памяти"
"Карта памяти Kingston microSD 16 Gb (SDC4/16GB)";"karta-pamiati-kingston-microsd-16-gb-sdc4-16gb";"135.00000";"20025";"";"Телефония, МР3-плееры, GPS/Аксессуары/Карты памяти"
"Карта памяти GOODRAM microSDHC 32 GB Class 10 (+адаптер)";"karta-pamiati-goodram-microsdhc-32-gb-class-10-adapter";"100.00000";"200658";"Карта памяти GOODRAM microSDHC 32 GB Class 10 (+адаптер)";"Телефония, МР3-плееры, GPS/Аксессуары/Карты памяти"
"Карта памяти GOODRAM microSDHC 16 GB Class 10 (+ адаптер Retail 10)";"karta-pamiati-goodram-microsdhc-16-gb-class-10-adapter-retail-10";"14.00000";"200653";"Карта памяти GOODRAM microSDHC 16 GB Class 10 (+ адаптер Retail 10)";"Телефония, МР3-плееры, GPS/Аксессуары/Карты памяти"
"Карта памяти Transcend microSDHC 32 GB Class 10 UHS-I Ultimate (X600) (+ адаптер)";"karta-pamiati-transcend-microsdhc-32-gb-class-10-uhs-i-ultimate-x600-adapter";"100.00000";"200648";"Карта памяти Transcend microSDHC 32 GB Class 10 UHS-I Ultimate (X600) (+ адаптер)";"Телефония, МР3-плееры, GPS/Аксессуары/Карты памяти"
"Защитная пленка HTC  P840 для Desire";"zashchitnaia-plenka-htc-p840-dlia-desire";"190.00000";"200634";"";"Телефония, МР3-плееры, GPS/Аксессуары/Защитные пленки"
"Защитная пленка Screen Ward Samsung S6102";"zashchitnaia-plenka-screen-ward-samsung-s6102";"4.00000";"200621";"";"Телефония, МР3-плееры, GPS/Аксессуары/Защитные пленки"
"Защитная пленка Samsung i8160";"zashchitnaia-plenka-samsung-i8160";"40.00000";"200625";"";"Телефония, МР3-плееры, GPS/Аксессуары/Защитные пленки"
"Защитная пленка  Nokia 302";"zashchitnaia-plenka-nokia-302";"43.00000";"200630";"";"Телефония, МР3-плееры, GPS/Аксессуары/Защитные пленки"
"Спальный мешок EASY CAMP Chakra Black";"spalnyi-meshok-easy-camp-chakra-black";"299.00000";"90303";"Спальный мешок EASY CAMP Chakra Black";"Телефония, МР3-плееры, GPS/Аксессуары/Защитные пленки"
"Защитная пленка Drobak Sony Xperia J ST26";"zashchitnaia-plenka-drobak-sony-xperia-j-st26";"60.00000";"200636";"";"Телефония, МР3-плееры, GPS/Аксессуары/Защитные пленки"
"Защитная пленка Samsung i9300 матовая";"zashchitnaia-plenka-samsung-i9300-matovaia";"5.00000";"200623";"";"Телефония, МР3-плееры, GPS/Аксессуары/Защитные пленки"
"Защитная пленка Samsung Wave Y S5380";"zashchitnaia-plenka-samsung-wave-y-s5380";"45.00000";"200627";"";"Телефония, МР3-плееры, GPS/Аксессуары/Защитные пленки"
"Защитная пленка HTC  P870 для WP 8X";"zashchitnaia-plenka-htc-p870-dlia-wp-8x";"50.00000";"200633";"";"Телефония, МР3-плееры, GPS/Аксессуары/Защитные пленки"
"Спальный мешок EASY CAMP Atlanta Plus";"spalnyi-meshok-easy-camp-atlanta-plus";"659.00000";"90302";"Спальный мешок EASY CAMP Atlanta Plus";"Телефония, МР3-плееры, GPS/Аксессуары/Защитные пленки"
"Защитная пленка Drobak Samsung I9070";"zashchitnaia-plenka-drobak-samsung-i9070";"63.00000";"200638";"";"Телефония, МР3-плееры, GPS/Аксессуары/Защитные пленки"
"Защитная пленка Samsung ETC-P1G5CEGSTD P3100/P3110";"zashchitnaia-plenka-samsung-etc-p1g5cegstd-p3100-p3110";"100.00000";"200436";"Защитная пленка Samsung ETC-P1G5CEGSTD P3100/P3110";"Телефония, МР3-плееры, GPS/Аксессуары/Защитные пленки"
"Защитная пленка HTC SP P910";"zashchitnaia-plenka-htc-sp-p910";"100.00000";"200429";"Защитная пленка HTC SP P910";"Телефония, МР3-плееры, GPS/Аксессуары/Защитные пленки"
"Защитная пленка Screen Ward Samsung S5660";"zashchitnaia-plenka-screen-ward-samsung-s5660";"45.00000";"200622";"";"Телефония, МР3-плееры, GPS/Аксессуары/Защитные пленки"
"Защитная пленка Nokia Asha 311";"zashchitnaia-plenka-nokia-asha-311";"69.00000";"200629";"";"Телефония, МР3-плееры, GPS/Аксессуары/Защитные пленки"
"Защитная пленка HTC P730 для One X";"zashchitnaia-plenka-htc-p730-dlia-one-x";"50.00000";"200635";"";"Телефония, МР3-плееры, GPS/Аксессуары/Защитные пленки"
"Защитная пленка для Samsung  I9300";"zashchitnaia-plenka-dlia-samsung-i9300";"50.00000";"200624";"";"Телефония, МР3-плееры, GPS/Аксессуары/Защитные пленки"
"Защитная пленка SAMSUNG N7100";"zashchitnaia-plenka-samsung-n7100";"149.00000";"200628";"";"Телефония, МР3-плееры, GPS/Аксессуары/Защитные пленки"
"Защитная пленка HTC SP P890 для WP8S (2шт)";"zashchitnaia-plenka-htc-sp-p890-dlia-wp8s-2sht";"64.00000";"200632";"";"Телефония, МР3-плееры, GPS/Аксессуары/Защитные пленки"
"Защитная пленка  Drobak Samsung S7562";"zashchitnaia-plenka-drobak-samsung-s7562";"65.00000";"200637";"";"Телефония, МР3-плееры, GPS/Аксессуары/Защитные пленки"
"Вкладыш для спального мешка EASY CAMP Cotton Travel Sheet - Rectangular";"vkladysh-dlia-spalnogo-meshka-easy-camp-cotton-travel-sheet-rectangular";"159.00000";"90301";"Вкладыш для спального мешка EASY CAMP Cotton Travel Sheet - Rectangular";"Телефония, МР3-плееры, GPS/Аксессуары/Защитные пленки"
"Защитная пленка Samsung S7562";"zashchitnaia-plenka-samsung-s7562";"50.00000";"200626";"";"Телефония, МР3-плееры, GPS/Аксессуары/Защитные пленки"
"Защитная пленка HTC SP P900 для One SV (2шт)";"zashchitnaia-plenka-htc-sp-p900-dlia-one-sv-2sht";"128.00000";"200631";"";"Телефония, МР3-плееры, GPS/Аксессуары/Защитные пленки"
"Спальный мешок EASY CAMP Chakra Pink";"spalnyi-meshok-easy-camp-chakra-pink";"299.00000";"90304";"Спальный мешок EASY CAMP Chakra Pink";"Телефония, МР3-плееры, GPS/Аксессуары/Защитные пленки"
"Вкладыш для спального мешка EASY CAMP Cotton Travel Sheet - Mummy";"vkladysh-dlia-spalnogo-meshka-easy-camp-cotton-travel-sheet-mummy";"159.00000";"90300";"Вкладыш для спального мешка EASY CAMP Cotton Travel Sheet - Mummy";"Телефония, МР3-плееры, GPS/Аксессуары/Защитные пленки"
"MP3 / MP4-плеер Apple iPod touch 5G 32GB black";"mp3-mp4-pleer-apple-ipod-touch-5g-32gb-black";"2793.00000";"20006";"MP3 / MP4-плеер Apple iPod touch 5G 32GB red";"Телефония, МР3-плееры, GPS/MP3-MP4 плееры/Apple iPod и аксессуары"
"MP3 / MP4-плеер Apple iPod touch 5G 32GB black";"mp3-mp4-pleer-apple-ipod-touch-5g-32gb-black";"2790.00000";"20005";"MP3 / MP4-плеер Apple iPod touch 5G 32GB pink";"Телефония, МР3-плееры, GPS/MP3-MP4 плееры/Apple iPod и аксессуары"
"MP3 / MP4-плеер Apple iPod touch 5G 32GB black";"mp3-mp4-pleer-apple-ipod-touch-5g-32gb-black";"2786.00000";"20008";"MP3 / MP4-плеер Apple iPod touch 5G 32GB yellow";"Телефония, МР3-плееры, GPS/MP3-MP4 плееры/Apple iPod и аксессуары"
"MP3 / MP4-плеер Apple iPod touch 5G 32GB black";"mp3-mp4-pleer-apple-ipod-touch-5g-32gb-black";"2795.00000";"20004";"";"Телефония, МР3-плееры, GPS/MP3-MP4 плееры/Apple iPod и аксессуары"
"Зарядное устройство Сетевой адаптер Apple MB707 white";"zariadnoe-ustroistvo-setevoi-adapter-apple-mb707-white";"69.00000";"20024";"";"Телефония, МР3-плееры, GPS/MP3-MP4 плееры/Apple iPod и аксессуары"
"MP3 / MP4-плеер Apple iPod touch 5G 32GB black";"mp3-mp4-pleer-apple-ipod-touch-5g-32gb-black";"2787.00000";"20007";"MP3 / MP4-плеер Apple iPod touch 5G 32GB blue";"Телефония, МР3-плееры, GPS/MP3-MP4 плееры/Apple iPod и аксессуары"
"MP3-флэш плеер Iriver E-40 4 GB Dark Gray";"mp3-flesh-pleer-iriver-e-40-4-gb-dark-gray";"100.00000";"200539";"MP3-флэш плеер Iriver E-40 4 GB Dark Gray";"Телефония, МР3-плееры, GPS/MP3-MP4 плееры/MP3- и медиаплееры"
"МР3-флэш плеер Ergo Zen Clip 2 GB Black";"mr3-flesh-pleer-ergo-zen-clip-2-gb-black";"100.00000";"200534";"МР3-флэш плеер Ergo Zen Clip 2 GB Black";"Телефония, МР3-плееры, GPS/MP3-MP4 плееры/MP3- и медиаплееры"
"MP3-флэш плеер Ergo Zen modern 8 GB Black";"mp3-flesh-pleer-ergo-zen-modern-8-gb-black";"40.00000";"200529";"MP3-флэш плеер Ergo Zen modern 8 GB Black";"Телефония, МР3-плееры, GPS/MP3-MP4 плееры/MP3- и медиаплееры"
"MP3-флэш плеер Ergo Zen modern 2 GB Black";"mp3-flesh-pleer-ergo-zen-modern-2-gb-black";"100.00000";"200524";"MP3-флэш плеер Ergo Zen modern 2 GB Black";"Телефония, МР3-плееры, GPS/MP3-MP4 плееры/MP3- и медиаплееры"
"MP3-флэш плеер Ergo Zen Volume 8 GB White";"mp3-flesh-pleer-ergo-zen-volume-8-gb-white";"36.00000";"200538";"MP3-флэш плеер Ergo Zen Volume 8 GB White";"Телефония, МР3-плееры, GPS/MP3-MP4 плееры/MP3- и медиаплееры"
"МР3-флэш плеер Ergo Zen Little 2 GB Blue";"mr3-flesh-pleer-ergo-zen-little-2-gb-blue";"100.00000";"200533";"МР3-флэш плеер Ergo Zen Little 2 GB Blue";"Телефония, МР3-плееры, GPS/MP3-MP4 плееры/MP3- и медиаплееры"
"MP3-флэш плеер Ergo Zen modern 4 GB Red";"mp3-flesh-pleer-ergo-zen-modern-4-gb-red";"100.00000";"200528";"MP3-флэш плеер Ergo Zen modern 4 GB Red";"Телефония, МР3-плееры, GPS/MP3-MP4 плееры/MP3- и медиаплееры"
"MP3-флэш плеер Ergo Zen Basic 8 GB Black";"mp3-flesh-pleer-ergo-zen-basic-8-gb-black";"30.00000";"200523";"MP3-флэш плеер Ergo Zen Basic 8 GB Black";"Телефония, МР3-плееры, GPS/MP3-MP4 плееры/MP3- и медиаплееры"
"MP3-флэш плеер Ergo Zen Volume 8 GB Black";"mp3-flesh-pleer-ergo-zen-volume-8-gb-black";"36.00000";"200537";"MP3-флэш плеер Ergo Zen Volume 8 GB Black";"Телефония, МР3-плееры, GPS/MP3-MP4 плееры/MP3- и медиаплееры"
"MP3-флэш плеер Ergo Zen Style 8 GB";"mp3-flesh-pleer-ergo-zen-style-8-gb";"100.00000";"200532";"MP3-флэш плеер Ergo Zen Style 8 GB";"Телефония, МР3-плееры, GPS/MP3-MP4 плееры/MP3- и медиаплееры"
"MP3-флэш плеер Ergo Zen modern 4 GB Blue";"mp3-flesh-pleer-ergo-zen-modern-4-gb-blue";"100.00000";"200527";"MP3-флэш плеер Ergo Zen modern 4 GB Blue";"Телефония, МР3-плееры, GPS/MP3-MP4 плееры/MP3- и медиаплееры"
"MP3-флэш плеер Ergo Zen Basic 4 GB White";"mp3-flesh-pleer-ergo-zen-basic-4-gb-white";"25.00000";"200522";"MP3-флэш плеер Ergo Zen Basic 4 GB White";"Телефония, МР3-плееры, GPS/MP3-MP4 плееры/MP3- и медиаплееры"
"MP3 / MP4-плеера TEXET T-930HD 8Gb";"mp3-mp4-pleera-texet-t-930hd-8gb";"539.00000";"20003";"";"Телефония, МР3-плееры, GPS/MP3-MP4 плееры/MP3- и медиаплееры"
"MP3-флэш плеер Ergo Zen Volume 4 GB White";"mp3-flesh-pleer-ergo-zen-volume-4-gb-white";"30.00000";"200536";"MP3-флэш плеер Ergo Zen Volume 4 GB White";"Телефония, МР3-плееры, GPS/MP3-MP4 плееры/MP3- и медиаплееры"
"MP3-флэш плеер Ergo Zen Style 4 GB";"mp3-flesh-pleer-ergo-zen-style-4-gb";"100.00000";"200531";"MP3-флэш плеер Ergo Zen Style 4 GB";"Телефония, МР3-плееры, GPS/MP3-MP4 плееры/MP3- и медиаплееры"
"MP3-флэш плеер Ergo Zen modern 4 GB Black";"mp3-flesh-pleer-ergo-zen-modern-4-gb-black";"100.00000";"200526";"MP3-флэш плеер Ergo Zen modern 4 GB Black";"Телефония, МР3-плееры, GPS/MP3-MP4 плееры/MP3- и медиаплееры"
"MP3-флэш плеер Ergo Zen Basic 4 GB Blue";"mp3-flesh-pleer-ergo-zen-basic-4-gb-blue";"25.00000";"200521";"MP3-флэш плеер Ergo Zen Basic 4 GB Blue";"Телефония, МР3-плееры, GPS/MP3-MP4 плееры/MP3- и медиаплееры"
"MP3-флэш плеер Ergo Zen Volume 4 GB Black";"mp3-flesh-pleer-ergo-zen-volume-4-gb-black";"30.00000";"200535";"MP3-флэш плеер Ergo Zen Volume 4 GB Black";"Телефония, МР3-плееры, GPS/MP3-MP4 плееры/MP3- и медиаплееры"
"MP3-флэш плеер Ergo Zen modern 8 GB Red";"mp3-flesh-pleer-ergo-zen-modern-8-gb-red";"40.00000";"200530";"MP3-флэш плеер Ergo Zen modern 8 GB Red";"Телефония, МР3-плееры, GPS/MP3-MP4 плееры/MP3- и медиаплееры"
"MP3-флэш плеер Ergo Zen modern 2 GB Red";"mp3-flesh-pleer-ergo-zen-modern-2-gb-red";"100.00000";"200525";"MP3-флэш плеер Ergo Zen modern 2 GB Red";"Телефония, МР3-плееры, GPS/MP3-MP4 плееры/MP3- и медиаплееры"
"Наушники Panasonic RP-HJE120E-G Green";"naushniki-panasonic-rp-hje120e-g-green";"74.00000";"20027";"";"Телефония, МР3-плееры, GPS/MP3-MP4 плееры/Наушники"
"Наушники Panasonic RP-HJE120E-K";"naushniki-panasonic-rp-hje120e-k";"10.00000";"200616";"RP-HJE120E-D";"Телефония, МР3-плееры, GPS/MP3-MP4 плееры/Наушники"
"Наушники Koss KEBDZ Twinz/KE7";"naushniki-koss-kebdz-twinz-ke7";"8.89000";"200611";"";"Телефония, МР3-плееры, GPS/MP3-MP4 плееры/Наушники"
"Наушники JVC HA-S200-B";"naushniki-jvc-ha-s200-b";"100.00000";"200970";"Наушники JVC HA-S200-B";"Телефония, МР3-плееры, GPS/MP3-MP4 плееры/Наушники"
"Мультимедийная гарнитура Ergo VM-280 Green";"multimediinaia-garnitura-ergo-vm-280-green";"15.00000";"200965";"Мультимедийная гарнитура Ergo VM-280 Green";"Телефония, МР3-плееры, GPS/MP3-MP4 плееры/Наушники"
"Наушники Ergo VD-390 Gold";"naushniki-ergo-vd-390-gold";"15.00000";"200960";"Наушники Ergo VD-390 Gold";"Телефония, МР3-плееры, GPS/MP3-MP4 плееры/Наушники"
"Наушники Panasonic RP-HJE120E-K";"naushniki-panasonic-rp-hje120e-k";"10.00000";"200615";"RP-HJE120E-P";"Телефония, МР3-плееры, GPS/MP3-MP4 плееры/Наушники"
"Наушники KOSS Porta Pro";"naushniki-koss-porta-pro";"35.00000";"200610";"";"Телефония, МР3-плееры, GPS/MP3-MP4 плееры/Наушники"
"Наушники Ergo Ear VT12";"naushniki-ergo-ear-vt12";"9.00000";"200969";"Наушники Ergo Ear VT12";"Телефония, МР3-плееры, GPS/MP3-MP4 плееры/Наушники"
"Мультимедийная гарнитура Ergo VM-280 Black";"multimediinaia-garnitura-ergo-vm-280-black";"15.00000";"200964";"Мультимедийная гарнитура Ergo VM-280 Black";"Телефония, МР3-плееры, GPS/MP3-MP4 плееры/Наушники"
"Наушники Ergo VD-290 White";"naushniki-ergo-vd-290-white";"15.00000";"200959";"Наушники Ergo VD-290 White";"Телефония, МР3-плееры, GPS/MP3-MP4 плееры/Наушники"
"Наушники Panasonic RP-HJE120E-K";"naushniki-panasonic-rp-hje120e-k";"10.00000";"200614";"RP-HJE120E-K";"Телефония, МР3-плееры, GPS/MP3-MP4 плееры/Наушники"
"Наушники Koss The Plug";"naushniki-koss-the-plug";"16.85000";"200609";"";"Телефония, МР3-плееры, GPS/MP3-MP4 плееры/Наушники"
"Наушники Ergo Ear VT11";"naushniki-ergo-ear-vt11";"8.00000";"200968";"Наушники Ergo Ear VT11";"Телефония, МР3-плееры, GPS/MP3-MP4 плееры/Наушники"
"Гарнитура внутриканального типа Ergo VM-901 Black";"garnitura-vnutrikanalnogo-tipa-ergo-vm-901-black";"10.00000";"200963";"Гарнитура внутриканального типа Ergo VM-901 Black";"Телефония, МР3-плееры, GPS/MP3-MP4 плееры/Наушники"
"Наушники Ergo VD-290 Black";"gps-pioneer-e-800";"15.00000";"200958";"Наушники Ergo VD-290 Black";"Телефония, МР3-плееры, GPS/MP3-MP4 плееры/Наушники"
"Наушник A4Tech MK-690-В";"naushnik-a4tech-mk-690-v";"9.00000";"200619";"";"Телефония, МР3-плееры, GPS/MP3-MP4 плееры/Наушники"
"Наушники Sony MDR EX10LP Black";"naushniki-sony-mdr-ex10lp-black";"14.00000";"200613";"Sony MDR EX10LP Red";"Телефония, МР3-плееры, GPS/MP3-MP4 плееры/Наушники"
"Наушники Panasonic RP-HJE120E-K";"naushniki-panasonic-rp-hje120e-k";"13.00000";"201055";"Наушники Panasonic RP-HJE120E-K";"Телефония, МР3-плееры, GPS/MP3-MP4 плееры/Наушники"
"Наушники  SENNHEISER IE 8i";"naushniki-sennheiser-ie-8i";"100.00000";"200967";"Наушники  SENNHEISER IE 8i";"Телефония, МР3-плееры, GPS/MP3-MP4 плееры/Наушники"
"Наушники Ergo VD-390 Red";"naushniki-ergo-vd-390-red";"15.00000";"200962";"Наушники Ergo VD-390 Red";"Телефония, МР3-плееры, GPS/MP3-MP4 плееры/Наушники"
"Наушники Panasonic RP-HJE120E-K";"naushniki-panasonic-rp-hje120e-k";"10.00000";"200618";"RP-HJE120E -G";"Телефония, МР3-плееры, GPS/MP3-MP4 плееры/Наушники"
"Наушники Sony MDR EX10LP Black";"naushniki-sony-mdr-ex10lp-black";"15.00000";"200612";"Sony MDR EX10LP Black";"Телефония, МР3-плееры, GPS/MP3-MP4 плееры/Наушники"
"Наушники KOSS Porta Pro";"naushniki-koss-porta-pro";"52.00000";"201028";"Наушники KOSS Porta Pro";"Телефония, МР3-плееры, GPS/MP3-MP4 плееры/Наушники"
"Набор запасных накладных амбушюр KOSS Porta/Sporta Pro(6 шт)";"nabor-zapasnyh-nakladnyh-ambushiur-koss-porta-sporta-pro6-sht";"100.00000";"200966";"Набор запасных накладных амбушюр KOSS Porta/Sporta Pro(6 шт)";"Телефония, МР3-плееры, GPS/MP3-MP4 плееры/Наушники"
"Наушники Ergo VD-390 Grey";"naushniki-ergo-vd-390-grey";"15.00000";"200961";"Наушники Ergo VD-390 Grey";"Телефония, МР3-плееры, GPS/MP3-MP4 плееры/Наушники"
"Чехол Samsung EFC-1G6SWECSTD I9300 White";"chehol-samsung-efc-1g6swecstd-i9300-white";"7.00000";"200468";"Чехол Samsung EFC-1G6SWECSTD I9300 White";"Телефония, МР3-плееры, GPS/Телефоны/Чехлы для телефонов"
"Чехол Samsung EFC-1J9BBEGSTD N7100 Black";"chehol-samsung-efc-1j9bbegstd-n7100-black";"100.00000";"200473";"Чехол Samsung EFC-1J9BBEGSTD N7100 Black";"Телефония, МР3-плееры, GPS/Телефоны/Чехлы для телефонов"
"Чехол-книжка Samsung EFC-1G2NLECSTD Light Blue";"chehol-knizhka-samsung-efc-1g2nlecstd-light-blue";"100.00000";"200478";"Чехол-книжка Samsung EFC-1G2NLECSTD Light Blue";"Телефония, МР3-плееры, GPS/Телефоны/Чехлы для телефонов"
"Чехол-книжка Samsung EFC-1G6FGECSTD I9300 Titanium Silver";"chehol-knizhka-samsung-efc-1g6fgecstd-i9300-titanium-silver";"100.00000";"200483";"Чехол-книжка Samsung EFC-1G6FGECSTD I9300 Titanium Silver";"Телефония, МР3-плееры, GPS/Телефоны/Чехлы для телефонов"
"Чехол Samsung EFC-1G6WBECSTD Blue";"chehol-samsung-efc-1g6wbecstd-blue";"100.00000";"200469";"Чехол Samsung EFC-1G6WBECSTD Blue";"Телефония, МР3-плееры, GPS/Телефоны/Чехлы для телефонов"
"Чехол Samsung EFC-1J9BPEGSTD N7100 Pink";"chehol-samsung-efc-1j9bpegstd-n7100-pink";"100.00000";"200474";"Чехол Samsung EFC-1J9BPEGSTD N7100 Pink";"Телефония, МР3-плееры, GPS/Телефоны/Чехлы для телефонов"
"Чехол-книжка Samsung EFC-1G2NRECSTD Garnet Red";"chehol-knizhka-samsung-efc-1g2nrecstd-garnet-red";"100.00000";"200479";"Чехол-книжка Samsung EFC-1G2NRECSTD Garnet Red";"Телефония, МР3-плееры, GPS/Телефоны/Чехлы для телефонов"
"Чехол-книжка Samsung EFC-1G6FLECSTD I9300 Light Blue";"chehol-knizhka-samsung-efc-1g6flecstd-i9300-light-blue";"100.00000";"200484";"Чехол-книжка Samsung EFC-1G6FLECSTD I9300 Light Blue";"Телефония, МР3-плееры, GPS/Телефоны/Чехлы для телефонов"
"Чехол Samsung EFC-1G6WPECSTD I9300 Pink";"chehol-samsung-efc-1g6wpecstd-i9300-pink";"7.00000";"200470";"Чехол Samsung EFC-1G6WPECSTD I9300 Pink";"Телефония, МР3-плееры, GPS/Телефоны/Чехлы для телефонов"
"Чехол Samsung EFC-1J9BWEGSTD N7100 White";"chehol-samsung-efc-1j9bwegstd-n7100-white";"100.00000";"200475";"Чехол Samsung EFC-1J9BWEGSTD N7100 White";"Телефония, МР3-плееры, GPS/Телефоны/Чехлы для телефонов"
"Чехол-книжка Samsung EFC-1G5NGECSTD P3100/P3110 Black";"chehol-knizhka-samsung-efc-1g5ngecstd-p3100-p3110-black";"100.00000";"200480";"Чехол-книжка Samsung EFC-1G5NGECSTD P3100/P3110 Black";"Телефония, МР3-плееры, GPS/Телефоны/Чехлы для телефонов"
"Чехол HTC HC V841";"chehol-htc-hc-v841";"100.00000";"200448";"Чехол HTC HC V841";"Телефония, МР3-плееры, GPS/Телефоны/Чехлы для телефонов"
"Чехол Samsung EFC-1G6WWECSTD White";"chehol-samsung-efc-1g6wwecstd-white";"100.00000";"200471";"Чехол Samsung EFC-1G6WWECSTD White";"Телефония, МР3-плееры, GPS/Телефоны/Чехлы для телефонов"
"Чехол-книжка Samsung EFC-1G2NAECSTD Amber Brown";"chehol-knizhka-samsung-efc-1g2naecstd-amber-brown";"100.00000";"200476";"Чехол-книжка Samsung EFC-1G2NAECSTD Amber Brown";"Телефония, МР3-плееры, GPS/Телефоны/Чехлы для телефонов"
"Чехол-книжка Samsung EFC-1G5SGECSTD P3100/P3110 Dark Gray";"chehol-knizhka-samsung-efc-1g5sgecstd-p3100-p3110-dark-gray";"100.00000";"200481";"Чехол-книжка Samsung EFC-1G5SGECSTD P3100/P3110 Dark Gray";"Телефония, МР3-плееры, GPS/Телефоны/Чехлы для телефонов"
"Чехол Samsung EFC-1G6PPECSTD I9300 Pink";"chehol-samsung-efc-1g6ppecstd-i9300-pink";"7.00000";"200467";"Чехол Samsung EFC-1G6PPECSTD I9300 Pink";"Телефония, МР3-плееры, GPS/Телефоны/Чехлы для телефонов"
"Чехол Samsung EFC-1H8NGECSTD P5100/P5110";"chehol-samsung-efc-1h8ngecstd-p5100-p5110";"100.00000";"200472";"Чехол Samsung EFC-1H8NGECSTD P5100/P5110";"Телефония, МР3-плееры, GPS/Телефоны/Чехлы для телефонов"
"Чехол-книжка Samsung EFC-1G2NGECSTD Dark Gray";"chehol-knizhka-samsung-efc-1g2ngecstd-dark-gray";"100.00000";"200477";"Чехол-книжка Samsung EFC-1G2NGECSTD Dark Gray";"Телефония, МР3-плееры, GPS/Телефоны/Чехлы для телефонов"
"Чехол-книжка Samsung EFC-1G6FBECSTD I9300 Pebble Blue";"chehol-knizhka-samsung-efc-1g6fbecstd-i9300-pebble-blue";"100.00000";"200482";"Чехол-книжка Samsung EFC-1G6FBECSTD I9300 Pebble Blue";"Телефония, МР3-плееры, GPS/Телефоны/Чехлы для телефонов"
"Чехол-футляр Samsung EFC-1J9LDEGSTD N7100 Dark Brown";"chehol-futliar-samsung-efc-1j9ldegstd-n7100-dark-brown";"100.00000";"200520";"Чехол-футляр Samsung EFC-1J9LDEGSTD N7100 Dark Brown";"Телефония, МР3-плееры, GPS/Телефоны/Чехлы для телефонов"
"Док-станция Samsung EDD-H1F2BEGSTD Black I9250";"dok-stantsiia-samsung-edd-h1f2begstd-black-i9250";"100.00000";"200435";"Док-станция Samsung EDD-H1F2BEGSTD Black I9250";"Телефония, МР3-плееры, GPS/Аксессуары/Аксессуары для телефонов"
"Клавиатура Samsung EKD-K11RWEGSER P3100/P3110 Black";"klaviatura-samsung-ekd-k11rwegser-p3100-p3110-black";"100.00000";"200438";"Клавиатура Samsung EKD-K11RWEGSER P3100/P3110 Black";"Телефония, МР3-плееры, GPS/Аксессуары/Аксессуары для телефонов"
"Cтилус и ручка-чехол Samsung ET-S110EBEGSTD Black";"ctilus-i-ruchka-chehol-samsung-et-s110ebegstd-black";"100.00000";"200431";"Cтилус и ручка-чехол Samsung ET-S110EBEGSTD Black";"Телефония, МР3-плееры, GPS/Аксессуары/Аксессуары для телефонов"
"Универсальная подставка Samsung EDD-D200BEGSTD Black";"universalnaia-podstavka-samsung-edd-d200begstd-black";"100.00000";"200447";"Универсальная подставка Samsung EDD-D200BEGSTD Black";"Телефония, МР3-плееры, GPS/Аксессуары/Аксессуары для телефонов"
"Стилус Samsung ET-S100EBEGSTD Black";"stilus-samsung-et-s100ebegstd-black";"100.00000";"200442";"Стилус Samsung ET-S100EBEGSTD Black";"Телефония, МР3-плееры, GPS/Аксессуары/Аксессуары для телефонов"
"Док-станция Samsung EDD-D1E1BEGSTD Black";"dok-stantsiia-samsung-edd-d1e1begstd-black";"100.00000";"200434";"Док-станция Samsung EDD-D1E1BEGSTD Black";"Телефония, МР3-плееры, GPS/Аксессуары/Аксессуары для телефонов"
"Кабель для подключения к телевизору Samsung EPL-3FHUBEGSTD Black";"kabel-dlia-podkliucheniia-k-televizoru-samsung-epl-3fhubegstd-black";"100.00000";"200437";"Кабель для подключения к телевизору Samsung EPL-3FHUBEGSTD Black";"Телефония, МР3-плееры, GPS/Аксессуары/Аксессуары для телефонов"
"Мультимедийный модуль HTC DG H200";"multimediinyi-modul-htc-dg-h200";"100.00000";"200430";"Мультимедийный модуль HTC DG H200";"Телефония, МР3-плееры, GPS/Аксессуары/Аксессуары для телефонов"
"Универсальная подставка Samsung EDD-D100BEGSTD Black";"universalnaia-podstavka-samsung-edd-d100begstd-black";"100.00000";"200446";"Универсальная подставка Samsung EDD-D100BEGSTD Black";"Телефония, МР3-плееры, GPS/Аксессуары/Аксессуары для телефонов"
"Подставка-держатель Samsung EBH-1E1SBEGSTD Black";"podstavka-derzhatel-samsung-ebh-1e1sbegstd-black";"100.00000";"200441";"Подставка-держатель Samsung EBH-1E1SBEGSTD Black";"Телефония, МР3-плееры, GPS/Аксессуары/Аксессуары для телефонов"
"Стилус Samsung ETC-S1J9WEGSTD N7100 White";"stilus-samsung-etc-s1j9wegstd-n7100-white";"100.00000";"200445";"Стилус Samsung ETC-S1J9WEGSTD N7100 White";"Телефония, МР3-плееры, GPS/Аксессуары/Аксессуары для телефонов"
"Подставка Samsung EDD-D1C9BEGSTD Black";"podstavka-samsung-edd-d1c9begstd-black";"100.00000";"200440";"Подставка Samsung EDD-D1C9BEGSTD Black";"Телефония, МР3-плееры, GPS/Аксессуары/Аксессуары для телефонов"
"Дата-кабель Samsung ECC1DP0UBECSTD Black";"data-kabel-samsung-ecc1dp0ubecstd-black";"100.00000";"200433";"Дата-кабель Samsung ECC1DP0UBECSTD Black";"Телефония, МР3-плееры, GPS/Аксессуары/Аксессуары для телефонов"
"USB кабель HTC DC M410";"usb-kabel-htc-dc-m410";"100.00000";"200428";"USB кабель HTC DC M410";"Телефония, МР3-плееры, GPS/Аксессуары/Аксессуары для телефонов"
"Стилус Samsung ETC-S1J9SEGSTD N7100 Dark Silver";"stilus-samsung-etc-s1j9segstd-n7100-dark-silver";"100.00000";"200444";"Стилус Samsung ETC-S1J9SEGSTD N7100 Dark Silver";"Телефония, МР3-плееры, GPS/Аксессуары/Аксессуары для телефонов"
"Клавиатура Samsung EKD-K12RWEGSER P5100/P5110 Black";"klaviatura-samsung-ekd-k12rwegser-p5100-p5110-black";"100.00000";"200439";"Клавиатура Samsung EKD-K12RWEGSER P5100/P5110 Black";"Телефония, МР3-плееры, GPS/Аксессуары/Аксессуары для телефонов"
"USB адаптер Samsung EPL-1PL0BEGSTD Black";"usb-adapter-samsung-epl-1pl0begstd-black";"100.00000";"200432";"USB адаптер Samsung EPL-1PL0BEGSTD Black";"Телефония, МР3-плееры, GPS/Аксессуары/Аксессуары для телефонов"
"Стилус Samsung ETC-S10CSEGSTD I9300 Silver";"stilus-samsung-etc-s10csegstd-i9300-silver";"100.00000";"200443";"Стилус Samsung ETC-S10CSEGSTD I9300 Silver";"Телефония, МР3-плееры, GPS/Аксессуары/Аксессуары для телефонов"
